,symbol,marketCap,trailingPE,forwardPE,priceToBook,bookValue,beta,dividendYield,revenueGrowth,totalRevenue,grossMargins,operatingMargins,profitMargins,returnOnAssets,returnOnEquity,return,label
0,PLTR,317077487616.0,584.1739,285.87234,58.442802,2.299,2.638,,0.393,3115023872.0,0.8001,0.19917999,0.18320999,0.043920003,0.12357,-0.2652974129350879,0
1,UBER,195796238336.0,16.397547,39.67373,8.912898,10.505,1.387,,0.138,45380001792.0,0.33594,0.106479995,0.27074,0.05214,0.69382006,0.2039499497390877,0
2,LYFT,6793271296.0,107.66666,16.313131,8.099298,1.994,2.224,,0.135,5958986752.0,0.35277,-0.01989,0.00955,-0.00921,0.08558,-0.6829526193287037,0
3,RIVN,15656944640.0,,-4.770073,2.4074416,5.429,1.862,,0.03,5006000128.0,-0.09329,-0.52823,-0.76828,-0.15445,-0.53723997,-0.7671001856185501,0
4,LCID,6588561920.0,,-2.4545455,2.0689654,1.044,0.817,,0.361,870140032.0,-1.0568,-2.94379,-2.75732,-0.20443001,-0.50062,-0.5806772854439377,0
5,DASH,101185830912.0,302.2658,134.15169,12.058274,19.803,1.669,,0.207,11240999936.0,0.50245,0.05673,0.03016,0.01424,0.04336,-0.2895323108333344,0
6,COIN,90624032768.0,66.62921,99.663864,8.653144,41.118,3.62,,0.235,6665887744.0,0.85248,0.014789999,0.22028999,0.00223,0.15841,-0.4702083623258692,0
7,HOOD,83300827136.0,53.94286,129.31506,10.499389,8.991,2.256,,0.5,3260000000.0,0.90982,0.39914,0.48773,0.0432,0.21430999,-0.6341183261695466,0
8,SOFI,20526534656.0,43.186047,64.034485,3.069929,6.049,1.827,,0.201,2771415040.0,0.82064,0.10414,0.17382,0.01395,0.07513,-0.1844262323915173,0
9,NET,66296094720.0,,222.40698,46.48117,4.115,1.835,,0.265,1770110976.0,0.76881,-0.111140005,-0.04616,-0.02927,-0.07351,0.1162355037405411,0
10,OKTA,17351483392.0,152.47693,34.17586,2.6422288,37.51,0.841,,0.115,2680999936.0,0.76688004,0.05669,0.04849,0.0010899999,0.020769998,-0.6388478898927429,0
11,ZM,23774222336.0,23.597599,14.854443,2.6778898,29.344,0.694,,0.029,4698913792.0,0.75851,0.20566,0.22313999,0.05019,0.12191,-0.8002388980847037,0
12,DOCU,15967017984.0,15.022813,21.414633,7.9233932,9.973,1.132,,0.076,3030753024.0,0.79387003,0.0789,0.365,0.044099998,0.70195997,-0.7327008687376431,0
13,ROKU,12946030592.0,,-140.1111,5.1254206,17.222,2.088,,0.158,4252101120.0,0.438,-0.05356,-0.024920002,-0.02574,-0.04341,-0.7116703195283609,0
14,TWLO,18362101760.0,,28.5,2.3027437,52.229,1.304,,0.12,4583449088.0,0.50552,0.01969,-0.0074299998,0.00155,-0.0039,-0.7732448561613193,0
15,CRWD,128138387456.0,,120.398125,37.105736,13.855,1.158,,0.198,4136022016.0,0.74477,-0.10699,-0.04166,-0.01467,-0.05738,0.273479975703448,0
16,DDOG,53581512704.0,330.10638,76.428566,18.347918,8.456,1.001,,0.246,2834575104.0,0.80151004,-0.01631,0.058480002,0.00368,0.06476,0.3304833145574244,0
17,MDB,17269499904.0,,65.22839,5.6938868,37.117,1.402,,0.219,2104896000.0,0.7289,-0.09481,-0.04091,-0.0319,-0.04003,0.1667760675513085,0
18,SNOW,73901907968.0,,238.1613,30.690039,7.217,1.211,,0.257,3839760896.0,0.66580003,-0.32700002,-0.36428002,-0.115609996,-0.40139,-0.284790084155866,0
19,SHOP,151242948608.0,93.967735,62.98378,13.676055,8.52,2.626,,0.268,9379000320.0,0.49941003,0.1178,0.17166,0.07078,0.16145,-0.2868912207136249,0
20,ETSY,5669812224.0,39.398552,20.91154,-6.2790155,-8.659,1.787,,0.008,2813553920.0,0.72295,0.12189999,0.06688,0.10596,,-0.5289981276770825,0
21,MELI,127455797248.0,61.724773,51.964653,25.470858,98.703,1.506,,0.37,22378999808.0,0.52241004,0.13058,0.0921,0.07739,0.49106997,-0.0417438786204268,0
22,W,7287008768.0,,69.256096,-2.5665476,-22.127,2.944,,0.0,11852000256.0,0.30306998,-0.01685,-0.03012,-0.04449,,-0.7390679226462145,0
23,BILI,9052899328.0,,34.229507,0.6066593,34.418,0.865,,0.236,28170172416.0,0.34460998,0.00214,-0.021559998,-0.010039999,-0.043109998,-0.8715431670814087,0
24,IQ,1714066944.0,44.5,6.846154,0.1256175,14.17,-0.208,,-0.093,28484352000.0,0.24052,0.04758,0.01021,0.017439999,0.023510002,-0.7294900295575586,0
25,JD,46228905984.0,7.783981,7.746377,0.19728829,162.554,0.494,3.06,0.158,1199851962368.0,0.09884,0.03498,0.0376,0.04142,0.16283001,-0.6517501745767549,0
26,BABA,259354918912.0,14.532085,11.013171,0.2485685,437.304,0.209,0.93,0.066,996347019264.0,0.39952,0.13988,0.13059,0.05313,0.114379995,-0.6552471365506188,0
27,PDD,147061538816.0,11.079144,7.352022,0.4373414,236.863,0.402,,0.102,402696208384.0,0.59733003,0.16813,0.24629,0.1356,0.36169997,-0.1227365473709558,0
28,NTES,84714594304.0,18.951498,17.666224,2.9315064,45.318,0.848,2.05,0.074,107272036352.0,0.6271,0.36218,0.30171,0.102299996,0.23698,0.0060928608322898,0
29,TME,30354096128.0,22.894115,25.272726,0.40581402,47.953,0.504,0.92,0.087,28988999680.0,0.43106,0.61705,0.32816002,0.07354,0.14661999,-0.5348477132518759,0
30,BIDU,30101090304.0,8.515779,7.7862935,0.11007936,784.434,0.318,,0.03,134063996928.0,0.49126998,0.13891,0.19415002,0.02934,0.093739994,-0.4506919065427336,0
31,WB,2342748672.0,6.92029,5.39548,0.6630563,14.403,0.121,8.6,0.003,1756034944.0,0.78844,0.27796,0.20405,0.045289997,0.107930005,-0.7135338421970397,0
32,YMM,12634350592.0,24.16,19.174603,0.32924503,36.69,0.203,1.63,0.19,11669833728.0,0.89839,0.44537,0.32196,0.05134,0.10325,-0.6661904761022794,0
33,SE,88489222144.0,104.52448,70.83887,9.8432665,15.185,1.634,,0.296,17926637568.0,0.43999,0.094280005,0.04859,0.03049,0.1113,-0.7934305799024794,0
34,GDS,6322420736.0,308.9091,-56.63333,0.28432527,119.511,0.231,,0.12,10612992000.0,0.22107,0.13412,0.42723,0.01069,0.01201,-0.9028340099482882,0
35,BEKE,21177671680.0,33.339626,15.232759,0.29866135,59.164,-0.748,2.03,0.424,100408532992.0,0.23547001,0.025320001,0.044710003,0.02251,0.0652,-0.7151006021123244,0
36,ZTO,14290761728.0,11.3522005,9.209183,0.23202899,77.792,-0.174,3.94,0.094,45212180480.0,0.29647,0.22084999,0.20756,0.08154,0.15635,-0.2171977482919176,0
37,KWEB,,16.97991,,,,,3.09,,,,,,,,-0.6153225214379248,0
38,FXI,4695151616.0,10.334952,,0.89875114,40.356,,1.52,,,,,,,,-0.4429931269817894,0
39,ARKK,,39.93522,,,,,0.0,,,,,,,,-0.5729994505919698,0
40,ARKG,,,,,,,0.0,,,,,,,,-0.6455132054490998,0
41,ARKF,,34.88491,,,,,0.0,,,,,,,,-0.4405679442085427,0
42,ARKW,,37.818554,,,,,0.0,,,,,,,,-0.4648669074713092,0
43,ICLN,,19.34695,,,,,1.65,,,,,,,,-0.4380543666638619,0
44,TAN,,18.807844,,,,,0.51,,,,,,,,-0.4912394922638802,0
45,LIT,,23.887026,,,,,1.04,,,,,,,,-0.2142848117350926,0
46,BOTZ,,30.327665,,,,,0.14,,,,,,,,-0.1312384764486187,0
47,ROBO,1185525376.0,24.851137,,201.84818,0.303,,0.55,,,,,,,,-0.0559289332813646,0
48,QQQ,218650066944.0,32.577915,,1.5546685,357.774,,0.58,,,,,,,,0.3494214354340483,0
49,SPY,573925818368.0,27.031727,,1.4569219,429.22,,1.21,,,,,,,,0.3473760291151273,0
50,VOO,,27.294514,,1.4717003,390.854,,1.29,,,,,,,,0.349592116888157,0
51,DIA,36404129792.0,23.102032,,1.2509701,358.194,,1.52,,,,,,,,0.3184298005624517,0
52,IWM,62696632320.0,18.6335,,1.0200554,218.694,,1.2,,,,,,,,0.0780678996963957,0
53,VT,,21.773592,,,,,1.83,,,,,,,,0.1901116292519449,0
54,EWZ,5878120448.0,10.831347,,0.8012137,36.582,,7.39,,,,,,,,0.2459877984107907,0
55,RSX,,4.3129773,,,,,0.0,,,,,,,,-0.724580707447086,0
56,EFA,84005568512.0,17.295002,,1.2352526,72.471,,2.76,,,,,,,,0.1234930153442344,0
57,EEM,36687024128.0,14.828037,,0.92771935,52.559,,2.23,,,,,,,,-0.1712837695599738,0
58,TLT,9540609024.0,,-4348.5,0.5842206,148.865,,4.39,,,,,,,,-0.3249999639938707,0
59,IEF,13834959872.0,,,0.80882233,117.158,,3.71,,,,,,,,-0.1501073160586844,0
60,HYG,15720372224.0,11.050966,1339.5001,0.9136484,87.966,,5.83,,,,,,,,0.0323344072124995,0
61,JNK,8651601920.0,20.303795,,0.8931633,108.502,,6.63,,,,,,,,0.029153733641192,0
62,BND,,,,,,,3.75,,,,,,,,-0.0978496646759707,0
63,AGG,56383922176.0,125.599495,,0.85332245,115.396,,3.81,,,,,,,,-0.0961101150329936,0
64,XLF,46990438400.0,18.803095,,1.56363,34.017,,1.4,,,,,,,,0.3688542626578364,0
65,XLK,69907505152.0,38.760517,,1.7204647,149.355,,0.67,,,,,,,,0.544562515903896,1
66,XLY,26601166848.0,27.746275,,1.3168045,167.99,,0.83,,,,,,,,0.1481321100094101,0
67,XLC,,19.934206,,,,,1.02,,,,,,,,0.121918459105617,0
68,XLV,26749732864.0,24.053734,,1.0647829,127.256,,1.76,,,,,,,,0.265149330155328,0
69,XLE,16224480256.0,16.14184,,1.6699606,52.115,,3.5,,,,,,,,1.4989395651178627,1
70,XLI,20414656512.0,26.600866,,1.5187737,98.382,,1.35,,,,,,,,0.3841323442314461,1
71,XLB,6571668480.0,28.547562,,1.1549157,79.114,,1.96,,,,,,,,0.2689820249456147,0
72,XLRE,,35.282757,,,,,3.34,,,,,,,,0.2510643738941733,0
73,XLU,13362343936.0,20.987886,,1.2789497,63.99,,2.78,,,,,,,,0.1370076506895481,0
74,FANG,41166471168.0,8.762438,9.624316,1.0521363,133.918,1.036,3.81,0.808,12286000128.0,0.7546,0.49922,0.32354,0.07135,0.14668,2.64376689182133,1
75,DVN,21336981504.0,7.569476,7.4506726,1.4713305,22.585,1.063,3.02,0.216,15943000064.0,0.52443004,0.23628001,0.17493999,0.09558,0.20963,2.420368363375096,1
76,OXY,43105026048.0,17.732794,13.860759,1.5614415,28.051,0.853,2.29,0.139,27552999424.0,0.64095,0.22152,0.114250004,0.045100003,0.0949,2.496401530859286,1
77,MPC,54085029888.0,24.282759,17.259804,3.3178794,53.061,0.868,2.19,-0.041,137968992256.0,0.0867,0.01429,0.01764,0.03469,0.15524,2.9785465793143624,1
78,PSX,51862654976.0,28.668919,13.413067,1.9022925,66.914,0.998,4.02,-0.15,137772007424.0,0.09099,-0.00483,0.01347,0.009509999,0.0656,1.1617091059891351,1
79,EOG,67213672448.0,11.402778,11.13472,2.2998917,53.546,0.761,3.41,0.0,23478999040.0,0.61821,0.31735,0.25882998,0.105059996,0.20899999,1.8997885504224592,1
80,APA,7047303168.0,7.0000005,7.1018186,1.2985373,15.04,1.246,5.47,0.344,10147999744.0,0.67294,0.28198,0.10041001,0.082320005,0.26176,1.5468658912416453,1
81,HES,44544303104.0,19.948753,18.951315,3.8509665,37.401,0.626,1.44,-0.121,12270000128.0,0.79006,0.29604998,0.1815,0.096829996,0.22753,1.8359984161910008,1
82,HAL,18501066752.0,9.004184,6.6215386,1.7872269,12.041,1.141,3.34,-0.067,22556999680.0,0.18167,0.1283,0.09305,0.09115,0.21004,0.9978449446768198,1
83,SLB,48161726464.0,12.084746,9.713897,2.484667,14.348,1.026,3.37,-0.025,36072001536.0,0.20501,0.1576,0.116160005,0.08125,0.20201,1.495453113770608,1
84,VLO,45283328000.0,49.34471,14.982384,1.9277077,75.001,0.972,3.36,-0.053,122355998720.0,0.049489997,0.0086900005,0.0076,0.02456,0.03714,1.6367970856102003,1
85,CTRA,19249440768.0,14.748537,10.824035,1.354603,18.618,0.326,3.47,0.405,5801999872.0,0.74423,0.36913,0.22148001,0.04621,0.09404001,0.8623681565380654,1
86,AR,11570235392.0,48.38961,17.33023,1.6083221,23.167,0.688,,0.282,4609824768.0,0.65584,0.1901,0.052600004,0.01059,0.03794,3.0141592782930475,1
87,NEM,66668699648.0,13.644648,15.639688,2.1469536,27.9,0.322,1.72,0.245,19669000192.0,0.52789,0.40240002,0.25772,0.07857,0.1666,-0.2636585777352866,0
88,GOLD,32429015040.0,14.287879,8.448194,1.326301,14.22,0.32,0.020599999,0.139,13304999936.0,0.41142,0.35847,0.17459999,0.06924,0.10283,-0.2054488252411435,0
89,WPM,41536790528.0,66.588234,51.16384,5.504498,16.452,0.596,0.73,0.585,1458243968.0,0.8298,0.62366,0.42453998,0.06395,0.08512,0.1367838566130894,0
90,AEM,60585635840.0,25.599146,26.328947,2.78885,43.05,0.499,1.35,0.349,8924178432.0,0.65573,0.50082,0.26479998,0.07807,0.114479996,-0.1986458265741788,0
91,FNV,32022673408.0,51.590622,40.66256,5.054343,32.663,0.5,0.93,0.43,1212000000.0,0.89167,0.68867993,0.50941,0.08031,0.10195,-0.1348291560848115,0
92,AA,8064797184.0,8.3288765,9.76489,1.3869101,22.46,2.257,1.36,0.296,12664999936.0,0.20899999,0.20955999,0.0679,0.07184,0.15351,0.4940036188877703,1
93,FCX,65777954816.0,37.54098,21.203703,3.7208545,12.309,1.632,1.38,-0.094,24861999104.0,0.38459998,0.22748,0.07111,0.07496,0.14062001,0.6300854361248573,1
94,SCCO,85118631936.0,23.57684,22.008316,9.161402,11.555,1.004,2.77,0.201,11955500032.0,0.59042,0.49185002,0.3,0.20163,0.41744,0.4001662507165562,1
95,TECK,20545972224.0,816.39996,22.42857,0.7909167,51.611,1.344,0.91,0.414,9735999488.0,0.20275,0.19476,0.04447,0.01688,-0.0130900005,1.3047981538385116,1
96,RIO,95267135488.0,8.347949,8.653958,1.734454,34.028,0.633,6.89,-0.019,53658001408.0,0.30146,0.23354,0.21529,0.084750004,0.20251,0.2737873752683855,0
